stop_id,x_km,y_km,demand,window_start_min,window_end_min,service_min
S0001,6.926,10.244,2.3,390.0,510.0,5.4
S0002,20.071,0.703,2.5,390.0,510.0,3.2
S0003,14.37,5.739,1.2,390.0,510.0,5.2
S0004,17.673,5.776,4.0,150.0,270.0,3.1
S0005,7.173,16.687,9.6,390.0,510.0,4.9
S0006,13.218,4.41,1.4,390.0,510.0,3.3
S0007,10.132,13.149,1.8,150.0,270.0,4.4
S0008,15.925,19.192,3.7,30.0,150.0,5.7
S0009,5.333,0.362,4.2,390.0,510.0,2.2
S0010,16.091,16.413,4.1,270.0,390.0,5.2
S0011,19.922,20.669,2.9,150.0,270.0,4.2
S0012,15.707,14.704,2.6,390.0,510.0,3.5
S0013,10.903,19.019,1.5,390.0,510.0,3.4
S0014,18.007,4.418,9.0,390.0,510.0,2.3
S0015,8.382,13.348,7.0,30.0,150.0,3.0
S0016,13.283,9.751,2.4,30.0,150.0,4.5
S0017,19.369,10.022,3.4,150.0,270.0,2.4
S0018,7.359,14.517,3.0,270.0,390.0,4.7
S0019,17.715,0.041,2.7,30.0,150.0,5.8
S0020,11.162,13.226,1.9,150.0,270.0,5.9
S0021,16.274,21.444,11.0,270.0,390.0,5.6
S0022,18.621,3.662,3.1,390.0,510.0,5.2
S0023,9.747,1.187,5.1,390.0,510.0,2.7
S0024,13.367,14.725,3.1,30.0,150.0,5.9
S0025,9.506,14.408,4.1,150.0,270.0,2.8
S0026,7.372,17.551,7.9,150.0,270.0,5.5
S0027,9.13,5.132,3.7,150.0,270.0,5.5
S0028,11.313,17.745,7.6,390.0,510.0,4.5
S0029,17.38,17.48,2.4,150.0,270.0,4.1
S0030,10.455,16.417,5.0,150.0,270.0,2.8
S0031,9.705,15.007,7.3,390.0,510.0,4.1
S0032,19.844,0.779,5.3,150.0,270.0,3.2
S0033,6.699,9.362,2.4,390.0,510.0,2.5
S0034,16.986,13.847,2.8,390.0,510.0,2.5
S0035,13.491,12.554,2.4,390.0,510.0,5.2
S0036,10.735,14.686,4.2,150.0,270.0,5.7
S0037,7.295,12.339,3.1,150.0,270.0,2.6
S0038,0.825,16.282,2.3,30.0,150.0,2.1
S0039,9.355,13.684,1.8,270.0,390.0,3.1
S0040,20.648,22.858,2.4,150.0,270.0,2.5
S0041,18.228,1.773,3.4,30.0,150.0,2.8
S0042,13.388,8.057,5.1,30.0,150.0,4.3
S0043,15.954,12.309,4.3,30.0,150.0,3.7
S0044,16.44,4.458,4.9,30.0,150.0,3.7
S0045,8.472,12.195,6.7,30.0,150.0,2.8
S0046,10.095,16.654,4.3,270.0,390.0,4.7
S0047,11.824,15.267,1.6,30.0,150.0,3.2
S0048,14.663,20.194,3.0,390.0,510.0,3.6
S0049,6.79,11.268,1.7,270.0,390.0,3.9
S0050,9.483,16.96,3.7,270.0,390.0,5.6
S0051,9.059,8.33,1.4,270.0,390.0,3.0
S0052,18.866,2.694,3.3,270.0,390.0,4.9
S0053,6.107,18.596,3.7,390.0,510.0,3.2
S0054,18.417,3.51,4.7,150.0,270.0,5.6
S0055,12.316,17.572,3.4,270.0,390.0,3.6
S0056,11.658,17.648,12.5,270.0,390.0,4.0
S0057,21.338,6.682,2.7,270.0,390.0,5.5
S0058,9.051,21.566,5.3,390.0,510.0,4.7
S0059,6.406,16.331,2.7,390.0,510.0,2.4
S0060,10.33,16.781,2.0,270.0,390.0,2.5
S0061,18.266,13.144,2.7,30.0,150.0,6.0
S0062,16.453,0.079,1.6,390.0,510.0,2.1
S0063,10.325,10.316,3.8,390.0,510.0,3.2
S0064,20.797,5.891,1.4,270.0,390.0,5.8
S0065,10.782,18.377,5.4,150.0,270.0,2.1
S0066,19.33,14.864,3.4,30.0,150.0,2.6
S0067,11.757,9.429,4.9,150.0,270.0,2.9
S0068,10.086,5.098,1.9,270.0,390.0,2.3
S0069,6.792,17.331,7.5,390.0,510.0,3.9
S0070,7.038,17.094,6.5,150.0,270.0,4.4
S0071,11.368,6.445,5.8,30.0,150.0,3.3
S0072,18.43,16.858,3.2,30.0,150.0,2.4
S0073,15.459,19.136,5.3,270.0,390.0,5.2
S0074,13.991,19.469,3.3,270.0,390.0,5.2
S0075,16.96,4.154,6.7,390.0,510.0,4.2
S0076,15.279,15.144,1.4,390.0,510.0,2.6
S0077,4.624,18.095,3.5,270.0,390.0,4.2
S0078,19.347,15.919,7.0,30.0,150.0,4.5
S0079,7.051,19.353,5.4,390.0,510.0,3.7
S0080,10.729,8.716,5.6,270.0,390.0,5.5
S0081,7.412,16.694,5.3,390.0,510.0,3.6
S0082,17.173,3.673,3.8,270.0,390.0,4.0
S0083,10.685,14.594,2.1,150.0,270.0,2.5
S0084,15.421,21.116,4.5,150.0,270.0,4.3
S0085,16.39,15.094,2.7,150.0,270.0,5.1
S0086,13.291,17.274,3.0,150.0,270.0,4.9
S0087,6.736,18.658,3.3,390.0,510.0,3.0
S0088,15.695,4.506,3.5,150.0,270.0,6.0
S0089,14.889,11.751,2.1,270.0,390.0,4.9
S0090,6.195,15.256,5.0,270.0,390.0,3.7
S0091,17.223,3.556,3.9,150.0,270.0,3.7
S0092,12.592,9.078,6.4,270.0,390.0,5.1
S0093,19.402,1.362,9.8,30.0,150.0,2.7
S0094,11.683,10.88,5.2,270.0,390.0,4.6
S0095,13.491,17.012,3.7,30.0,150.0,4.9
S0096,18.223,6.255,1.7,30.0,150.0,4.1
S0097,15.266,18.119,3.4,390.0,510.0,5.5
S0098,4.839,11.449,3.9,390.0,510.0,3.9
S0099,20.261,6.991,4.1,270.0,390.0,3.9
S0100,16.581,16.197,3.6,390.0,510.0,3.1
S0101,16.786,16.555,2.6,270.0,390.0,5.7
S0102,5.758,13.067,5.7,30.0,150.0,3.3
S0103,17.614,20.786,3.8,150.0,270.0,4.8
S0104,6.219,19.074,6.1,30.0,150.0,3.6
S0105,16.323,19.377,2.4,270.0,390.0,5.7
S0106,4.99,18.436,4.1,30.0,150.0,5.8
S0107,11.714,1.848,6.6,270.0,390.0,2.1
S0108,16.986,18.741,6.6,390.0,510.0,6.0
S0109,15.536,16.852,1.9,30.0,150.0,4.4
S0110,14.902,4.151,3.3,390.0,510.0,2.3
S0111,18.6,3.806,2.9,270.0,390.0,4.0
S0112,18.006,11.179,6.6,30.0,150.0,2.2
S0113,13.004,19.476,4.4,270.0,390.0,4.2
S0114,17.992,17.27,2.4,150.0,270.0,2.7
S0115,7.991,10.21,3.4,270.0,390.0,3.5
S0116,13.774,16.904,2.7,30.0,150.0,3.2
S0117,16.68,20.858,3.6,150.0,270.0,4.4
S0118,11.184,12.556,2.8,150.0,270.0,5.3
S0119,15.356,1.803,3.9,150.0,270.0,5.7
S0120,19.5,2.941,6.6,390.0,510.0,3.3
